0.440653,0.491013,0.373912,0.413867,0.374291,0.369260,0.329684,0.439911,0.323188,0.306998,0.370195
0.380543,0.319025,0.379914,0.364375,0.310402,0.413862,0.340402,0.356632,0.438197,0.341275,0.464040
0.291567,0.441731,0.263902,0.365604,0.367729,0.317428,0.416787,0.367980,0.353788,0.411191,0.351405
0.449837,0.345153,0.445094,0.323608,0.298162,0.258964,0.313220,0.407593,0.360467,0.479698,0.430366
0.288433,0.348074,0.395889,0.300601,0.383695,0.409483,0.432120,0.369546,0.454676,0.382920,0.430268
0.328270,0.355025,0.378341,0.380155,0.386672,0.474179,0.396448,0.395638,0.466803,0.449589,0.329983
0.347215,0.318352,0.452631,0.395716,0.306039,0.408825,0.340171,0.407894,0.429571,0.330984,0.409498
0.397643,0.289414,0.418651,0.366204,0.401516,0.359581,0.399222,0.315646,0.451349,0.277787,0.317646
0.513233,0.398742,0.368247,0.330852,0.411811,0.365644,0.457045,0.445203,0.410848,0.384516,0.412325
0.385452,0.389684,0.318575,0.372808,0.400997,0.469051,0.427889,0.444373,0.417981,0.339973,0.360298
0.325676,0.356040,0.355344,0.338396,0.358977,0.266610,0.369202,0.488523,0.400698,0.338215,0.408610
0.318413,0.360914,0.303059,0.391427,0.440858,0.340887,0.356647,0.398766,0.273116,0.387425,0.351548
0.335146,0.392903,0.443582,0.248805,0.424307,0.508510,0.306440,0.399290,0.309329,0.327625,0.386851
0.336244,0.418437,0.357677,0.359786,0.495071,0.321091,0.363104,0.365019,0.340920,0.295306,0.456341
0.444889,0.299881,0.339581,0.303760,0.416527,0.378631,0.327777,0.410593,0.358628,0.439217,0.368278
0.439001,0.498982,0.355257,0.426475,0.442556,0.394532,0.477383,0.406567,0.388604,0.507633,0.333815
0.373588,0.321160,0.321584,0.414006,0.456049,0.404885,0.387001,0.461957,0.307897,0.370244,0.356166
0.420349,0.437129,0.328517,0.306383,0.310779,0.491520,0.316734,0.365925,0.368871,0.441864,0.275701
0.403447,0.287683,0.451357,0.352325,0.331647,0.382325,0.407043,0.366440,0.419602,0.274034,0.373996
0.403707,0.405792,0.421763,0.308953,0.340298,0.353814,0.309812,0.484362,0.350245,0.399738,0.364486
0.311300,0.372901,0.401453,0.488123,0.314348,0.255150,0.347538,0.363987,0.336561,0.516673,0.208009
0.445475,0.421682,0.363158,0.382647,0.315879,0.351343,0.500252,0.373228,0.347170,0.397904,0.373070
0.345607,0.324576,0.357561,0.357524,0.391199,0.359266,0.280555,0.313670,0.363921,0.411748,0.362631
0.326681,0.400884,0.460564,0.369403,0.277922,0.407409,0.490845,0.284166,0.441490,0.366029,0.374530
0.457501,0.524062,0.431118,0.368622,0.425118,0.336364,0.330450,0.327725,0.397542,0.454310,0.513448
0.457742,0.338776,0.301521,0.486188,0.330010,0.303756,0.382099,0.361176,0.451465,0.328097,0.353848
0.306785,0.488339,0.327386,0.259070,0.334871,0.293554,0.429004,0.318401,0.410738,0.470328,0.324803
0.425030,0.420947,0.378765,0.359176,0.378447,0.354207,0.410970,0.374402,0.391900,0.540646,0.379868
0.370376,0.307567,0.343889,0.290990,0.268005,0.400094,0.430247,0.484210,0.370342,0.437334,0.362316
0.345906,0.308836,0.316456,0.276805,0.453161,0.410544,0.264952,0.344190,0.339774,0.338543,0.293187
0.346857,0.391661,0.497094,0.445322,0.287441,0.431517,0.472177,0.406554,0.419819,0.322281,0.378054
0.426533,0.348242,0.324878,0.313682,0.317298,0.461194,0.324641,0.347452,0.498001,0.354061,0.379661
0.330508,0.372143,0.423206,0.434751,0.335838,0.452313,0.413256,0.325572,0.365936,0.490517,0.403936
0.320825,0.416171,0.268856,0.407062,0.395373,0.379978,0.252043,0.474003,0.433905,0.381527,0.407522
0.349389,0.247609,0.412821,0.352085,0.303752,0.401569,0.313674,0.440496,0.423026,0.514078,0.334837
0.372300,0.442796,0.451624,0.361333,0.386451,0.289023,0.339094,0.438415,0.322674,0.400039,0.377712
0.477831,0.458041,0.359185,0.361899,0.442196,0.369895,0.302044,0.455933,0.408631,0.229020,0.361209
0.433573,0.376489,0.477750,0.271505,0.449345,0.322260,0.336056,0.256377,0.416168,0.356075,0.455018
0.419227,0.343160,0.471447,0.324610,0.352802,0.333033,0.295929,0.417356,0.316829,0.338947,0.436566
0.312535,0.456985,0.434278,0.470322,0.455240,0.445717,0.422937,0.361424,0.373934,0.380846,0.391871
0.359940,0.409054,0.476861,0.333070,0.374312,0.449374,0.290612,0.401727,0.361503,0.327098,0.388798
0.375245,0.318481,0.417998,0.368204,0.443535,0.400259,0.386825,0.321600,0.417663,0.522757,0.277373
0.424285,0.447776,0.505522,0.305027,0.331380,0.321143,0.296802,0.422866,0.423688,0.296131,0.314857
0.437271,0.352941,0.307768,0.491495,0.316315,0.479039,0.358676,0.423471,0.354381,0.333610,0.325981
0.371593,0.447410,0.334007,0.401341,0.486771,0.345345,0.392307,0.469915,0.329451,0.383860,0.361112
0.372924,0.494541,0.363922,0.364604,0.361312,0.334997,0.332372,0.442733,0.454408,0.325897,0.500401
0.478615,0.388365,0.267373,0.354640,0.405341,0.416447,0.407862,0.456224,0.395160,0.266376,0.341626
0.363363,0.463869,0.405269,0.452613,0.343353,0.330374,0.355019,0.325637,0.497873,0.362987,0.440994
0.521994,0.295869,0.347240,0.352593,0.459236,0.330805,0.479477,0.475886,0.431937,0.406243,0.286629
0.400168,0.377614,0.367927,0.375906,0.441394,0.458846,0.370424,0.318202,0.289323,0.245985,0.309443
0.267746,0.420938,0.352937,0.310662,0.426370,0.313326,0.327963,0.472209,0.317238,0.340640,0.339005
0.384131,0.432376,0.340131,0.448990,0.351309,0.421595,0.442269,0.482128,0.485278,0.321017,0.466178
0.489147,0.372450,0.497231,0.391730,0.332355,0.376994,0.411132,0.426215,0.392568,0.382259,0.417960
0.467563,0.344886,0.414583,0.475579,0.467495,0.425106,0.406382,0.384731,0.456126,0.414984,0.387457
0.335716,0.495974,0.316479,0.496295,0.419619,0.407713,0.336249,0.428844,0.493229,0.438735,0.403866
0.340088,0.401091,0.434208,0.385641,0.335390,0.324696,0.352536,0.393212,0.319423,0.367449,0.370446
0.427890,0.346896,0.411417,0.356778,0.374017,0.387404,0.469597,0.410454,0.320053,0.410950,0.366729
0.422064,0.409180,0.313727,0.379164,0.290819,0.361992,0.405878,0.358837,0.406236,0.463848,0.464209
0.312562,0.268841,0.306797,0.332855,0.393564,0.426255,0.286303,0.419946,0.427571,0.334396,0.333808
0.352451,0.341151,0.467076,0.420041,0.441464,0.424106,0.288563,0.405203,0.249330,0.406514,0.392074
0.352018,0.329614,0.378424,0.376392,0.355869,0.296531,0.277570,0.387679,0.390692,0.510988,0.369280
0.349182,0.465405,0.529389,0.374496,0.355146,0.229572,0.482627,0.398491,0.266964,0.432281,0.416833
0.417964,0.384755,0.271535,0.309557,0.320829,0.353243,0.326146,0.426658,0.322924,0.349691,0.317208
0.529206,0.456639,0.299317,0.302887,0.396072,0.375838,0.392689,0.330504,0.490730,0.358933,0.447214
0.486686,0.374256,0.378124,0.384098,0.414597,0.451435,0.367461,0.428351,0.566246,0.229096,0.361687
0.269617,0.442933,0.380527,0.494422,0.401448,0.391460,0.552470,0.369688,0.322891,0.393752,0.448145
0.373465,0.335975,0.413632,0.394870,0.424124,0.495016,0.384585,0.368111,0.208303,0.412277,0.340660
0.443610,0.392781,0.500383,0.423520,0.339872,0.368202,0.405382,0.410041,0.311953,0.264548,0.283773
0.336851,0.469738,0.397026,0.407019,0.341521,0.366609,0.421416,0.263049,0.363766,0.341493,0.311961
0.351645,0.415180,0.340188,0.343195,0.283691,0.423761,0.428368,0.351417,0.389800,0.302441,0.351691
0.357829,0.327849,0.398633,0.429596,0.306650,0.400933,0.427173,0.361626,0.375214,0.380297,0.392215
0.427476,0.336850,0.442078,0.444516,0.499168,0.506059,0.336632,0.337064,0.325203,0.378996,0.372455
0.428868,0.420805,0.275005,0.352676,0.422339,0.410924,0.420789,0.398861,0.328788,0.453354,0.298425
0.535092,0.473557,0.391765,0.423234,0.357382,0.355176,0.409911,0.373319,0.476068,0.425140,0.317910
0.429911,0.417505,0.363073,0.439066,0.349828,0.354790,0.367260,0.412524,0.476570,0.459277,0.456463
0.373323,0.259069,0.413408,0.393769,0.394648,0.326612,0.331528,0.295340,0.382514,0.550523,0.406739
0.323637,0.410736,0.473605,0.309315,0.541565,0.353784,0.429644,0.330433,0.403424,0.303564,0.340460
0.447150,0.378766,0.358194,0.373645,0.544514,0.442111,0.333462,0.480005,0.374672,0.424383,0.344802
0.491508,0.383104,0.369756,0.435586,0.333968,0.408091,0.360352,0.377904,0.403245,0.381269,0.360308
0.398026,0.467330,0.351432,0.401353,0.338274,0.419891,0.255072,0.382253,0.326789,0.372231,0.440877
0.328861,0.376848,0.267168,0.465781,0.443813,0.454710,0.349227,0.394640,0.323158,0.472989,0.307218
0.524300,0.469904,0.355700,0.302305,0.277423,0.436598,0.452232,0.504607,0.364243,0.403364,0.359438
0.323729,0.428115,0.333867,0.333121,0.433870,0.310276,0.294845,0.412703,0.262407,0.334896,0.358061
0.358747,0.366603,0.367045,0.439946,0.356949,0.379130,0.335873,0.457925,0.359053,0.341192,0.288792
0.289773,0.374371,0.412926,0.381448,0.310203,0.378646,0.428451,0.401435,0.399061,0.398447,0.388112
0.408009,0.418715,0.412062,0.353680,0.391126,0.278570,0.384865,0.354342,0.454253,0.268522,0.315799
0.498793,0.425215,0.436917,0.280082,0.351358,0.470506,0.462387,0.391773,0.340181,0.326134,0.363665
0.245232,0.329680,0.304521,0.363527,0.426212,0.347212,0.305330,0.436864,0.334272,0.396353,0.340100
0.385023,0.305084,0.284894,0.437922,0.346583,0.409465,0.313559,0.365585,0.306234,0.323392,0.485086
0.461245,0.484378,0.383914,0.454984,0.425038,0.346651,0.258871,0.325434,0.402154,0.405155,0.349865
0.475008,0.459222,0.418001,0.247789,0.383122,0.421021,0.440238,0.342926,0.489321,0.300774,0.340308
0.425775,0.392763,0.426979,0.299415,0.354169,0.395681,0.378925,0.368480,0.340047,0.364497,0.333548
0.396080,0.322559,0.468498,0.420650,0.342470,0.446394,0.412342,0.429732,0.343892,0.346602,0.330652
0.336618,0.382620,0.342547,0.454076,0.269577,0.478338,0.258501,0.377539,0.315022,0.429211,0.333558
0.462677,0.388144,0.518622,0.332768,0.414817,0.368270,0.413949,0.379567,0.346328,0.327943,0.563962
0.430992,0.440752,0.402571,0.293952,0.326554,0.270212,0.349437,0.326609,0.473812,0.418696,0.365084
0.419409,0.409849,0.445309,0.320201,0.440975,0.309171,0.389864,0.284259,0.395269,0.276661,0.391325
0.400505,0.480809,0.445718,0.205230,0.358210,0.285407,0.338652,0.426264,0.367929,0.354297,0.459018
0.364071,0.385424,0.414670,0.305077,0.346291,0.428055,0.223336,0.438826,0.460248,0.493814,0.238416
0.383065,0.299888,0.445507,0.404428,0.311910,0.325192,0.413555,0.278080,0.384128,0.401713,0.340400
0.350721,0.415507,0.396427,0.398038,0.443241,0.388800,0.303121,0.434144,0.350777,0.433869,0.395885
0.350485,0.299764,0.331678,0.353335,0.329598,0.333953,0.338226,0.463152,0.467299,0.524919,0.334021
0.382650,0.473229,0.426442,0.308374,0.411072,0.232824,0.284832,0.382117,0.330462,0.474640,0.388010
0.316593,0.409906,0.354524,0.383897,0.451824,0.396588,0.461176,0.412899,0.340555,0.334834,0.385780
0.386349,0.423332,0.495202,0.320692,0.351144,0.343742,0.352870,0.404202,0.415990,0.349642,0.459902
0.412119,0.484871,0.329459,0.271632,0.350955,0.385396,0.390499,0.385533,0.450967,0.438563,0.377044
0.365966,0.363182,0.378866,0.352245,0.413018,0.413063,0.327769,0.431122,0.399733,0.372988,0.438694
0.353290,0.304233,0.430818,0.362333,0.395594,0.405137,0.415489,0.367235,0.241432,0.308717,0.413930
0.400817,0.373733,0.331863,0.327897,0.405524,0.318171,0.418775,0.288551,0.346701,0.382178,0.304871
0.312428,0.359312,0.364823,0.353842,0.410510,0.362621,0.256261,0.411648,0.408839,0.293880,0.339426
0.330526,0.458290,0.292465,0.481226,0.340010,0.393391,0.393390,0.359360,0.259191,0.351056,0.471348
0.455459,0.437509,0.382533,0.501538,0.396628,0.400984,0.328955,0.352007,0.416982,0.416386,0.399602
0.337215,0.431465,0.326756,0.370801,0.538818,0.420226,0.458935,0.377081,0.287922,0.292871,0.429780
0.423306,0.422421,0.321495,0.374194,0.347627,0.351982,0.387400,0.470954,0.505310,0.330629,0.377554
0.258084,0.393488,0.303089,0.280244,0.323441,0.399565,0.313198,0.295924,0.357214,0.404277,0.338217
0.387544,0.372074,0.418425,0.386294,0.347860,0.401696,0.458240,0.436825,0.337776,0.304075,0.342604
0.405930,0.356007,0.340262,0.342202,0.430710,0.278139,0.387067,0.341385,0.349582,0.489402,0.337937
0.313002,0.304452,0.478944,0.371547,0.360710,0.343913,0.422747,0.383688,0.397540,0.388212,0.358561
0.358736,0.346530,0.423808,0.394037,0.409210,0.453590,0.451591,0.425631,0.415117,0.303309,0.313072
0.344098,0.426027,0.523501,0.278831,0.334868,0.447209,0.371295,0.449665,0.319396,0.399881,0.370967
0.347536,0.241215,0.445026,0.309173,0.414183,0.302107,0.387008,0.308459,0.378807,0.284018,0.344485
0.312983,0.404256,0.329352,0.479345,0.381240,0.367391,0.382452,0.386167,0.368047,0.383434,0.345511
0.293468,0.388162,0.326971,0.392803,0.258946,0.321242,0.305057,0.434581,0.245619,0.483855,0.349205
0.431275,0.350662,0.485640,0.391953,0.357080,0.533145,0.360532,0.306727,0.392115,0.377670,0.443979
0.345102,0.386557,0.375458,0.392127,0.421650,0.334498,0.465259,0.423566,0.430624,0.449892,0.427255
0.367368,0.455247,0.488262,0.396400,0.404703,0.308701,0.352720,0.385908,0.438947,0.416642,0.369865
0.312016,0.359599,0.355339,0.263898,0.407271,0.236442,0.450580,0.360196,0.437180,0.343967,0.332414
0.382480,0.240498,0.366873,0.305245,0.336064,0.347344,0.361022,0.404698,0.442551,0.372288,0.461988
0.419007,0.367214,0.411954,0.395942,0.440576,0.282457,0.347128,0.395060,0.394068,0.323112,0.348370
0.446844,0.400199,0.417834,0.347544,0.396959,0.267967,0.445715,0.360150,0.224655,0.443689,0.480606
0.393411,0.385847,0.380376,0.301600,0.371750,0.365452,0.339865,0.329988,0.319897,0.331434,0.404546
0.367140,0.441974,0.387016,0.416306,0.362959,0.458182,0.340825,0.331748,0.300971,0.397817,0.371863
0.428178,0.443486,0.412829,0.432354,0.326529,0.327702,0.342986,0.422032,0.436478,0.434270,0.390035
0.370940,0.402385,0.512986,0.457043,0.394486,0.443628,0.256522,0.387435,0.210228,0.447459,0.249874
0.450020,0.404788,0.332806,0.351729,0.393655,0.423702,0.420801,0.374144,0.388970,0.378494,0.429319
0.412451,0.392880,0.401322,0.340770,0.372223,0.427039,0.469606,0.304456,0.470835,0.460753,0.426879
0.437975,0.344498,0.375777,0.355373,0.368809,0.261047,0.332925,0.314983,0.510704,0.460812,0.406285
0.277546,0.418545,0.472261,0.426148,0.362801,0.411053,0.395685,0.363480,0.444178,0.460567,0.298359
0.278667,0.360063,0.355460,0.336373,0.434132,0.365028,0.333057,0.281715,0.462827,0.438670,0.377406
0.369175,0.394312,0.422893,0.333103,0.401512,0.467369,0.403744,0.393841,0.379129,0.302130,0.465711
0.411028,0.356987,0.427709,0.417260,0.513276,0.375190,0.321480,0.310333,0.344161,0.402519,0.337170
0.386481,0.424721,0.380147,0.408417,0.324441,0.303153,0.320996,0.263136,0.431590,0.523018,0.367478
0.389199,0.409267,0.436242,0.393126,0.400388,0.463528,0.399063,0.412701,0.439414,0.477996,0.453622
0.419784,0.477336,0.475310,0.398922,0.402401,0.263823,0.399215,0.379695,0.278690,0.354117,0.437445
0.343917,0.364052,0.358900,0.361825,0.313823,0.347444,0.384934,0.398565,0.376158,0.368980,0.412067
0.396146,0.332664,0.260865,0.287244,0.374667,0.393546,0.395398,0.364221,0.287407,0.285413,0.388839
0.357248,0.330880,0.321859,0.387403,0.341119,0.334108,0.428675,0.401874,0.356326,0.424055,0.462043
0.402798,0.364163,0.252155,0.443733,0.431002,0.336673,0.403885,0.435712,0.299965,0.425230,0.393429
0.429850,0.298252,0.434883,0.343764,0.401464,0.423271,0.423266,0.432587,0.406288,0.300168,0.444684
0.452081,0.316876,0.388515,0.494077,0.512282,0.384522,0.397765,0.322401,0.367647,0.334073,0.442746
0.481783,0.318965,0.358848,0.366842,0.356836,0.470063,0.433139,0.464986,0.351215,0.314192,0.376933
0.521783,0.362430,0.350808,0.409370,0.339796,0.349133,0.304281,0.324281,0.444662,0.328895,0.392136
0.448045,0.462326,0.367331,0.296663,0.338085,0.413100,0.363260,0.423282,0.389027,0.344615,0.436053
0.385054,0.350488,0.362935,0.339551,0.419496,0.421532,0.434758,0.502934,0.422430,0.418072,0.440222
0.381954,0.402608,0.294173,0.342379,0.268443,0.437529,0.339269,0.353204,0.387637,0.401922,0.503751
0.372047,0.323245,0.362373,0.269437,0.357015,0.369412,0.497395,0.475255,0.453750,0.426072,0.378218
0.463014,0.341033,0.308702,0.288232,0.439765,0.280544,0.260268,0.343199,0.356691,0.363478,0.305593
0.309600,0.300390,0.398233,0.460868,0.358152,0.303886,0.288003,0.339161,0.474773,0.367536,0.317723
0.436732,0.239330,0.425871,0.404721,0.289548,0.448728,0.377251,0.346941,0.256079,0.379203,0.380683
0.317055,0.448798,0.444085,0.399922,0.331870,0.372152,0.362134,0.359302,0.229636,0.328524,0.368593
0.397590,0.473968,0.434217,0.373781,0.442624,0.357617,0.322451,0.394526,0.413411,0.442731,0.378255
0.382187,0.479330,0.416200,0.344296,0.347653,0.369622,0.358999,0.380222,0.496472,0.370881,0.387920
0.276020,0.310750,0.465248,0.369449,0.357677,0.376271,0.344203,0.338584,0.341527,0.422477,0.441227
0.423992,0.442300,0.374825,0.401400,0.360219,0.396881,0.461447,0.403469,0.358958,0.377086,0.316531
0.343427,0.533533,0.450163,0.340477,0.341469,0.400481,0.455990,0.373853,0.431150,0.275175,0.404262
0.388626,0.451264,0.420406,0.389915,0.351288,0.381890,0.429681,0.421859,0.308265,0.441541,0.367166
0.373659,0.492751,0.279012,0.330746,0.419048,0.449606,0.318256,0.450730,0.351738,0.336424,0.342192
0.543838,0.395263,0.358867,0.313606,0.427297,0.304376,0.418065,0.411346,0.395165,0.364858,0.505356
0.313706,0.424714,0.331954,0.333429,0.283441,0.435974,0.396268,0.409670,0.467148,0.420117,0.415074
0.357566,0.306191,0.460295,0.329260,0.326584,0.389692,0.294041,0.340154,0.271970,0.266054,0.379258
0.383322,0.404727,0.364173,0.352201,0.453785,0.313678,0.441809,0.390609,0.331742,0.362601,0.324800
0.318598,0.407658,0.470457,0.367440,0.373342,0.495102,0.433575,0.414633,0.438412,0.390800,0.474675
0.328538,0.283982,0.279180,0.372673,0.285516,0.379094,0.332121,0.354430,0.507522,0.382896,0.359387
0.401520,0.459347,0.379165,0.442510,0.464136,0.449010,0.238082,0.453721,0.400377,0.405426,0.402274
0.516755,0.424097,0.462968,0.332678,0.292772,0.408946,0.389615,0.412658,0.472800,0.431258,0.287155
0.374245,0.344646,0.229272,0.420273,0.399423,0.275425,0.416020,0.379138,0.396730,0.436712,0.335607
0.354959,0.394765,0.464086,0.332381,0.381709,0.363838,0.374942,0.318616,0.297168,0.351869,0.378065
0.442904,0.335077,0.431479,0.366863,0.403110,0.453415,0.330481,0.464330,0.364002,0.445647,0.406570
0.310549,0.343517,0.223714,0.355794,0.268883,0.439796,0.405950,0.409168,0.263778,0.356462,0.467286
0.442795,0.483242,0.475201,0.415165,0.406950,0.550967,0.513931,0.334003,0.435417,0.416118,0.384336
0.395204,0.411797,0.391898,0.388490,0.257495,0.408623,0.361326,0.484405,0.305338,0.313882,0.401105
0.377644,0.452863,0.446894,0.404559,0.364344,0.485461,0.279683,0.438859,0.410491,0.415462,0.395949
0.368776,0.330847,0.295327,0.325583,0.376052,0.393291,0.366833,0.397336,0.488481,0.392940,0.361603
0.386126,0.412199,0.294868,0.350894,0.365594,0.384535,0.367623,0.305305,0.445511,0.422617,0.384492
0.337789,0.426407,0.362959,0.388312,0.448799,0.454748,0.431509,0.499693,0.358196,0.324684,0.489157
0.395867,0.361165,0.467481,0.497615,0.488098,0.458906,0.401443,0.307501,0.379733,0.419388,0.302698
0.420825,0.333924,0.317635,0.440069,0.267266,0.442013,0.443968,0.257332,0.366322,0.397209,0.441068
0.403623,0.332488,0.382654,0.471612,0.387643,0.358905,0.300516,0.403429,0.374593,0.429825,0.424357
0.348627,0.397760,0.348765,0.388029,0.350188,0.385837,0.476039,0.340767,0.292212,0.475649,0.397547
0.456656,0.387055,0.390170,0.390370,0.497991,0.477056,0.312883,0.364408,0.481161,0.289646,0.490339
0.383052,0.317649,0.382371,0.433140,0.343743,0.349345,0.463165,0.327848,0.314713,0.282024,0.327830
0.303152,0.269473,0.366868,0.355257,0.302429,0.334846,0.351135,0.355228,0.389766,0.422400,0.403224
0.262208,0.467461,0.457044,0.349805,0.432037,0.358646,0.383056,0.389976,0.366139,0.411462,0.403145
0.353685,0.412516,0.365881,0.392987,0.420160,0.405318,0.395010,0.368214,0.420914,0.390533,0.349709
0.551516,0.273683,0.386436,0.392254,0.377274,0.416320,0.296189,0.476474,0.410230,0.421460,0.375521
0.425263,0.356248,0.408089,0.411605,0.462527,0.271108,0.484316,0.456129,0.414384,0.523016,0.392299
0.342503,0.413878,0.352535,0.333541,0.403381,0.478073,0.431363,0.353038,0.296629,0.289829,0.396817
0.364539,0.332374,0.358328,0.321381,0.403890,0.404573,0.425393,0.386023,0.392659,0.346456,0.419093
0.427088,0.269845,0.455024,0.365399,0.360988,0.326199,0.371273,0.468224,0.392771,0.324048,0.359159
0.402965,0.399165,0.358465,0.265902,0.373465,0.331776,0.444810,0.362674,0.385009,0.329024,0.349363
0.489215,0.361051,0.366082,0.356596,0.252263,0.452485,0.400265,0.422515,0.382363,0.431533,0.366281
0.403848,0.275408,0.353692,0.371084,0.294508,0.492940,0.347554,0.463398,0.340139,0.366202,0.451034
0.420458,0.344136,0.326595,0.389183,0.406237,0.432466,0.363671,0.258283,0.414356,0.457726,0.352324
0.234690,0.308329,0.408539,0.473425,0.488815,0.385805,0.433603,0.434479,0.338464,0.278124,0.381853
0.399332,0.346271,0.440983,0.414421,0.402796,0.379076,0.396551,0.413860,0.484011,0.363435,0.352994
0.348167,0.370052,0.424676,0.325895,0.414927,0.446306,0.317077,0.397963,0.384681,0.316974,0.389105
0.388320,0.319771,0.372662,0.380844,0.353538,0.407394,0.389254,0.341968,0.457625,0.357415,0.395186
0.430645,0.384536,0.294394,0.371897,0.333829,0.294635,0.395507,0.345887,0.318212,0.317420,0.396105
0.334728,0.348940,0.459598,0.383229,0.313471,0.411641,0.411792,0.376413,0.375959,0.410342,0.426273
0.364545,0.297970,0.378431,0.475742,0.500152,0.345978,0.434316,0.387952,0.397033,0.456042,0.431124
0.437701,0.353434,0.297215,0.341197,0.436857,0.417531,0.361979,0.433836,0.317511,0.343242,0.408476
0.355801,0.374518,0.427666,0.372080,0.442381,0.369898,0.424927,0.319308,0.378972,0.291468,0.328228
0.394042,0.425233,0.332537,0.378291,0.371283,0.344658,0.431347,0.387359,0.425343,0.431584,0.404050
0.335574,0.352769,0.288278,0.306970,0.468174,0.318201,0.328599,0.296254,0.453643,0.435092,0.399093
0.305674,0.457577,0.408488,0.366297,0.371460,0.429796,0.294116,0.502446,0.331195,0.334083,0.453246
0.420259,0.429200,0.423140,0.515304,0.449907,0.335235,0.330902,0.519689,0.340200,0.377352,0.484692
0.453770,0.376150,0.347230,0.398889,0.343651,0.345612,0.343536,0.242275,0.386330,0.304170,0.373564
0.335092,0.379918,0.487533,0.404669,0.397629,0.351416,0.320346,0.484929,0.370394,0.493879,0.338966
0.389827,0.264199,0.370465,0.444619,0.378465,0.378058,0.310388,0.421377,0.337597,0.345781,0.448770
0.417628,0.462754,0.433762,0.393919,0.307170,0.299835,0.378765,0.355484,0.323927,0.404582,0.453445
0.396924,0.345500,0.367023,0.427987,0.399007,0.324763,0.390476,0.343264,0.307088,0.312197,0.397217
0.412067,0.385120,0.364561,0.416274,0.401665,0.315337,0.265105,0.410029,0.491447,0.330756,0.371539
0.356299,0.327232,0.468489,0.377015,0.357956,0.393127,0.430693,0.439600,0.297488,0.499909,0.436812
0.505241,0.415991,0.346563,0.391084,0.275498,0.452665,0.363599,0.453969,0.512562,0.380626,0.382295
0.454855,0.410345,0.400371,0.302877,0.522150,0.378304,0.525015,0.327955,0.345929,0.535980,0.315500
0.341747,0.401304,0.370527,0.357098,0.396203,0.258897,0.497389,0.417808,0.296374,0.386903,0.312255
0.364923,0.333907,0.404965,0.357749,0.412305,0.344505,0.407585,0.385152,0.370411,0.312750,0.458036
0.199313,0.412828,0.262397,0.531533,0.401250,0.343187,0.447997,0.332933,0.387151,0.362906,0.380071
0.371554,0.350768,0.509001,0.329333,0.321775,0.371110,0.448303,0.351425,0.388075,0.389795,0.352592
0.344849,0.382681,0.422034,0.363472,0.370817,0.254349,0.316334,0.491179,0.277118,0.461864,0.362126
0.347147,0.398911,0.450729,0.411191,0.428582,0.433466,0.360582,0.467189,0.298898,0.387403,0.348455
0.403325,0.329807,0.385238,0.353820,0.412313,0.356774,0.384252,0.443008,0.332083,0.371139,0.365997
0.328148,0.383265,0.204315,0.348138,0.363742,0.352439,0.284968,0.365267,0.333403,0.425449,0.324892
0.348255,0.342634,0.334745,0.458114,0.396293,0.508800,0.427502,0.402257,0.455355,0.450287,0.282792
0.317426,0.363729,0.286674,0.357343,0.410439,0.415363,0.318095,0.397949,0.449384,0.485305,0.337952
0.363059,0.366023,0.414054,0.227246,0.359563,0.425577,0.358299,0.288384,0.399596,0.400201,0.363771
0.322362,0.423866,0.405230,0.343858,0.432865,0.350986,0.345233,0.383442,0.421128,0.357901,0.401313
0.419121,0.378888,0.317836,0.288867,0.286065,0.383062,0.310590,0.298107,0.366126,0.516650,0.396652
0.398822,0.350498,0.393741,0.369855,0.443601,0.447603,0.270209,0.461377,0.351091,0.311958,0.416174
0.357361,0.388292,0.470475,0.370044,0.408344,0.462415,0.412013,0.444114,0.351409,0.426263,0.376521
0.408285,0.330072,0.292884,0.384880,0.336074,0.309168,0.303723,0.348889,0.351452,0.389694,0.304941
0.377012,0.385197,0.290776,0.478840,0.435049,0.444016,0.382860,0.434999,0.402257,0.416791,0.370868
0.331704,0.333212,0.363781,0.282696,0.401572,0.312345,0.369506,0.332092,0.420769,0.428016,0.416272
0.461105,0.336071,0.410714,0.389396,0.396853,0.373754,0.304839,0.464571,0.317384,0.327762,0.419376
0.463339,0.401087,0.351540,0.263344,0.301535,0.445210,0.376964,0.363012,0.478595,0.303041,0.344861
0.376168,0.379060,0.320534,0.381302,0.324687,0.410942,0.373807,0.382392,0.326529,0.428225,0.421539
0.379647,0.426067,0.343371,0.368854,0.295011,0.330356,0.545348,0.442475,0.333115,0.299756,0.321465
0.422938,0.409192,0.328833,0.400206,0.383719,0.318152,0.462223,0.390463,0.317491,0.510224,0.377287
0.334724,0.481346,0.362757,0.474464,0.354033,0.335871,0.394987,0.441887,0.389661,0.344868,0.299527
0.345386,0.453719,0.490723,0.348216,0.255316,0.415248,0.325804,0.423950,0.357443,0.513776,0.386735
0.655869,0.642058,0.694317,0.725431,0.689376,0.675918,0.624366,0.591648,0.736422,0.619166,0.624219
0.683608,0.667219,0.611701,0.602309,0.551856,0.597378,0.638823,0.644557,0.628365,0.750222,0.697155
0.652634,0.546069,0.787865,0.612488,0.666615,0.695417,0.702147,0.595638,0.608246,0.645162,0.819003
0.641552,0.670016,0.547836,0.685355,0.637140,0.658012,0.607900,0.525930,0.588197,0.665413,0.560095
0.591490,0.674970,0.489106,0.710694,0.486059,0.624517,0.603500,0.741444,0.698637,0.642306,0.676148
0.552901,0.608149,0.665832,0.609404,0.560236,0.641068,0.575289,0.653281,0.651982,0.583194,0.660471
0.681703,0.541339,0.556942,0.625326,0.643167,0.663011,0.600147,0.624728,0.570635,0.578824,0.635553
0.617309,0.610964,0.657797,0.693061,0.626509,0.607676,0.665328,0.672963,0.658553,0.574648,0.706955
0.669237,0.591111,0.659009,0.737804,0.562346,0.555941,0.592768,0.648376,0.689247,0.656275,0.698651
0.622229,0.688020,0.544579,0.729791,0.736872,0.876733,0.742248,0.690607,0.665025,0.762242,0.617365
0.738611,0.629551,0.732297,0.512616,0.704920,0.638872,0.632110,0.706965,0.694619,0.714670,0.689589
0.665082,0.641589,0.590138,0.517864,0.670296,0.681125,0.653732,0.575721,0.611966,0.636528,0.553597
0.636960,0.703851,0.607962,0.643992,0.617661,0.744257,0.539506,0.635849,0.633261,0.540980,0.658082
0.631464,0.583989,0.699843,0.620077,0.724807,0.610323,0.553802,0.612592,0.662381,0.562358,0.815664
0.687322,0.633223,0.618558,0.652226,0.751137,0.579360,0.598513,0.608083,0.636243,0.659842,0.756726
0.641805,0.603205,0.647764,0.628238,0.665895,0.653560,0.672304,0.658454,0.603422,0.544027,0.585211
0.581733,0.730051,0.732429,0.677138,0.779258,0.593845,0.700610,0.563995,0.736577,0.680143,0.698615
0.783384,0.591428,0.713888,0.690787,0.700052,0.629199,0.649065,0.664505,0.653582,0.729953,0.778513
0.680541,0.643924,0.661377,0.788112,0.654284,0.745277,0.596393,0.570114,0.620175,0.656393,0.676943
0.701100,0.684688,0.607930,0.607223,0.595857,0.645669,0.625115,0.557542,0.616587,0.679208,0.643900
0.606595,0.611094,0.670505,0.601464,0.625538,0.480880,0.603461,0.605432,0.768412,0.651722,0.634030
0.661826,0.593476,0.622612,0.640325,0.619553,0.709374,0.604096,0.703417,0.686680,0.712184,0.560797
0.802554,0.698969,0.622243,0.528339,0.668382,0.623395,0.745730,0.747720,0.727934,0.663948,0.564899
0.735097,0.738223,0.727526,0.630244,0.728605,0.625792,0.693921,0.676788,0.638001,0.681174,0.688283
0.680193,0.696749,0.666371,0.675031,0.556238,0.637861,0.482065,0.687183,0.610626,0.652048,0.700771
0.576226,0.608170,0.723010,0.589095,0.635680,0.608067,0.598071,0.598352,0.677786,0.613608,0.759101
0.642453,0.694855,0.661171,0.508593,0.671424,0.590291,0.641793,0.681112,0.730451,0.629437,0.632383
0.674578,0.668125,0.713778,0.598691,0.597451,0.620463,0.488411,0.666239,0.580608,0.726118,0.553502
0.664027,0.600604,0.709065,0.587593,0.614206,0.673057,0.665647,0.546520,0.762638,0.676943,0.719222
0.528050,0.756966,0.633869,0.558619,0.633251,0.685967,0.599966,0.677018,0.630163,0.692231,0.636352
0.592353,0.482770,0.547523,0.756724,0.757078,0.688341,0.664721,0.607151,0.691034,0.629155,0.759703
0.566684,0.540763,0.799548,0.639314,0.700125,0.679976,0.746415,0.636714,0.497290,0.564780,0.627413
0.617783,0.613422,0.725724,0.562566,0.649645,0.781472,0.745546,0.646519,0.650839,0.710956,0.678547
0.685772,0.639458,0.642731,0.618199,0.604998,0.588802,0.639321,0.600919,0.611831,0.669164,0.621739
0.695405,0.613044,0.534607,0.667944,0.721661,0.629030,0.672508,0.656028,0.743919,0.532008,0.611758
0.617818,0.747216,0.588166,0.641125,0.703355,0.706250,0.679142,0.637449,0.710200,0.615741,0.763558
0.719042,0.613958,0.622111,0.653044,0.665161,0.483747,0.659645,0.622320,0.581129,0.615563,0.528366
0.646131,0.551368,0.718925,0.641370,0.562392,0.620703,0.687794,0.655674,0.711685,0.437705,0.708689
0.584286,0.661839,0.527644,0.700965,0.581410,0.673345,0.642715,0.721777,0.566916,0.624823,0.689873
0.576497,0.659437,0.739624,0.688754,0.625870,0.616154,0.672345,0.659864,0.546339,0.738812,0.691412
0.570071,0.685213,0.603973,0.563944,0.598481,0.640947,0.522303,0.614123,0.705466,0.609224,0.681971
0.743941,0.635402,0.638430,0.666758,0.550081,0.583126,0.622737,0.580019,0.694743,0.557722,0.668418
0.814865,0.657941,0.586041,0.654287,0.712994,0.682885,0.656341,0.510186,0.691831,0.592849,0.546979
0.638351,0.717862,0.608547,0.705931,0.680554,0.607299,0.584723,0.636673,0.632748,0.627596,0.552263
0.689094,0.633640,0.552156,0.622633,0.649251,0.660982,0.646445,0.678900,0.608662,0.626841,0.668183
0.666965,0.656301,0.639632,0.694052,0.675802,0.674858,0.743598,0.563426,0.655714,0.595226,0.587052
0.704212,0.684280,0.658869,0.509409,0.613990,0.665867,0.658315,0.617938,0.664337,0.609496,0.765740
0.582736,0.647254,0.579843,0.556787,0.733315,0.515647,0.630459,0.583318,0.637697,0.740388,0.644065
0.641547,0.698608,0.622958,0.564336,0.667890,0.764146,0.563464,0.660115,0.618145,0.714217,0.640281
0.641552,0.670590,0.522953,0.654680,0.615001,0.634714,0.699923,0.672922,0.774760,0.670709,0.522752
0.723415,0.624316,0.575427,0.710070,0.675698,0.528415,0.704296,0.557524,0.618850,0.604778,0.623464
0.635237,0.710186,0.710836,0.756517,0.618954,0.570450,0.662587,0.616372,0.657884,0.593746,0.679434
0.588538,0.588493,0.651245,0.634027,0.632371,0.713286,0.653326,0.555607,0.691006,0.679674,0.602702
0.589673,0.708610,0.574207,0.595435,0.624622,0.656775,0.668303,0.626892,0.606471,0.686460,0.663704
0.588729,0.574517,0.515818,0.561064,0.601349,0.599532,0.667292,0.650676,0.729228,0.671654,0.622186
0.559020,0.652594,0.649633,0.693309,0.620249,0.785703,0.703878,0.687984,0.546689,0.510361,0.639644
0.592020,0.679373,0.652532,0.698317,0.692167,0.591911,0.603824,0.746331,0.508132,0.717420,0.735814
0.712635,0.601424,0.670236,0.624205,0.763044,0.700002,0.657509,0.651140,0.735842,0.651015,0.653315
0.605082,0.677177,0.611206,0.753173,0.602411,0.664471,0.549508,0.700112,0.544906,0.646491,0.630013
0.631079,0.622888,0.630922,0.659749,0.608651,0.609607,0.585489,0.716915,0.667444,0.567907,0.559711
0.580996,0.626818,0.645607,0.711435,0.633273,0.733034,0.525481,0.702842,0.621434,0.702880,0.714641
0.711711,0.676969,0.684699,0.657361,0.712733,0.638449,0.687245,0.674656,0.669473,0.666183,0.668260
0.733756,0.662504,0.592699,0.691628,0.615605,0.675431,0.605608,0.697266,0.640060,0.637032,0.613447
0.604994,0.690426,0.694363,0.580877,0.631827,0.579295,0.560000,0.606115,0.679174,0.585725,0.625072
0.602916,0.599023,0.587366,0.655025,0.748652,0.720892,0.672621,0.581241,0.676343,0.738316,0.574997
0.612155,0.658124,0.584755,0.625731,0.653229,0.685795,0.693265,0.713924,0.640008,0.627012,0.635754
0.676899,0.490819,0.640433,0.586705,0.637960,0.587885,0.688032,0.598117,0.696769,0.658190,0.626884
0.654259,0.587658,0.662318,0.648444,0.679003,0.666336,0.609535,0.687995,0.635349,0.735182,0.624508
0.686127,0.693211,0.659750,0.681972,0.680304,0.641608,0.657365,0.712726,0.681092,0.679232,0.557303
0.568009,0.679558,0.660786,0.684059,0.606233,0.678543,0.620314,0.597713,0.587152,0.610151,0.612110
0.662010,0.678026,0.546478,0.667202,0.678573,0.752461,0.573092,0.635980,0.795155,0.587232,0.608800
0.622561,0.649166,0.693473,0.583261,0.589014,0.573877,0.666372,0.695138,0.675504,0.641719,0.548884
0.734429,0.647276,0.605911,0.637700,0.687753,0.605444,0.591518,0.698566,0.713551,0.720515,0.563617
0.620070,0.549469,0.605845,0.661073,0.638786,0.726053,0.764367,0.745884,0.631449,0.758371,0.577780
0.662672,0.677554,0.653129,0.621438,0.584783,0.727870,0.677180,0.680105,0.602375,0.681379,0.583276
0.645301,0.648936,0.681237,0.600110,0.638443,0.613503,0.695452,0.660129,0.697816,0.563098,0.690980
0.568830,0.596199,0.665716,0.610366,0.573989,0.621549,0.639124,0.664638,0.584493,0.631516,0.678086
0.626211,0.552516,0.622557,0.703959,0.621866,0.593231,0.624374,0.690194,0.565947,0.566671,0.677413
0.660676,0.620553,0.677545,0.570997,0.649948,0.719079,0.652824,0.505781,0.596930,0.637575,0.615429
0.598453,0.620839,0.744715,0.634166,0.593700,0.571389,0.677695,0.666025,0.588298,0.674772,0.599909
0.559795,0.568247,0.639814,0.672529,0.711653,0.668153,0.607710,0.593125,0.526330,0.628331,0.734583
0.604526,0.688992,0.687578,0.633086,0.675902,0.683047,0.632123,0.555849,0.752258,0.575500,0.701700
0.639820,0.661269,0.714089,0.547489,0.575334,0.623885,0.664780,0.689432,0.579598,0.654827,0.617053
0.646457,0.541099,0.572613,0.671040,0.645595,0.761194,0.605617,0.674947,0.554829,0.542728,0.604855
0.726435,0.658825,0.623836,0.599965,0.646323,0.646707,0.536649,0.655524,0.717210,0.608253,0.780514
0.625601,0.648986,0.583740,0.792813,0.594132,0.668514,0.647857,0.702419,0.610397,0.700375,0.723056
0.724032,0.659534,0.641610,0.639536,0.772276,0.658424,0.676155,0.697780,0.616210,0.693194,0.521561
0.558534,0.664865,0.568889,0.614655,0.606834,0.556596,0.674448,0.734924,0.620608,0.681675,0.593176
0.618238,0.674514,0.604311,0.522948,0.694017,0.700549,0.587648,0.774831,0.746122,0.603784,0.630443
0.690836,0.591729,0.658482,0.584978,0.694395,0.553176,0.635740,0.633114,0.525646,0.592361,0.647473
0.683994,0.654539,0.692755,0.636749,0.667019,0.665418,0.684861,0.676081,0.657141,0.673631,0.704031
0.690690,0.714951,0.582944,0.743886,0.562796,0.594473,0.595174,0.681898,0.615377,0.714077,0.596001
0.620585,0.705409,0.588819,0.757022,0.681737,0.727326,0.685474,0.567431,0.666329,0.684104,0.694528
0.659132,0.703464,0.656103,0.661033,0.632623,0.760151,0.738035,0.610522,0.692257,0.654416,0.626391
0.601327,0.696471,0.548876,0.827902,0.609613,0.608272,0.626279,0.611467,0.513093,0.736304,0.586717
0.684326,0.580433,0.679472,0.719670,0.599322,0.700436,0.559104,0.610161,0.770272,0.641076,0.570785
0.674318,0.589258,0.656768,0.694400,0.599403,0.678849,0.698100,0.649805,0.576995,0.599737,0.628616
0.695336,0.628503,0.635813,0.701647,0.688848,0.579520,0.642785,0.633228,0.555998,0.646515,0.654891
0.576364,0.620328,0.640995,0.580944,0.675095,0.495761,0.646743,0.692375,0.652967,0.607132,0.554760
0.681962,0.529688,0.534414,0.614256,0.571448,0.576893,0.687766,0.606861,0.598555,0.607905,0.573135
0.622606,0.583117,0.542717,0.662364,0.706777,0.657542,0.585815,0.469373,0.644944,0.646471,0.546934
0.659249,0.632082,0.645269,0.686846,0.609677,0.639516,0.754812,0.618429,0.623027,0.684828,0.657921
0.778993,0.693168,0.781918,0.717022,0.599775,0.566753,0.651388,0.698674,0.621361,0.716517,0.664193
0.588183,0.608192,0.568133,0.682708,0.747273,0.598550,0.670851,0.593282,0.470835,0.599955,0.652797
0.673287,0.719572,0.615707,0.700792,0.603621,0.729626,0.671257,0.589930,0.526664,0.620972,0.716456
0.619202,0.625545,0.726461,0.645344,0.564877,0.564843,0.758059,0.672378,0.612794,0.690377,0.599298
0.682789,0.721160,0.608478,0.593202,0.632514,0.641980,0.654535,0.631971,0.653244,0.668139,0.606193
0.577635,0.615657,0.577460,0.690410,0.645589,0.550307,0.673658,0.544406,0.588752,0.672282,0.541594
0.541178,0.602432,0.545655,0.541489,0.704444,0.673992,0.514850,0.569412,0.631781,0.609790,0.636892
0.662948,0.601999,0.647769,0.568810,0.663172,0.703093,0.629140,0.675433,0.594370,0.624572,0.651895
0.692402,0.613030,0.702345,0.701230,0.626793,0.640274,0.671135,0.605346,0.560087,0.654516,0.603906
0.553870,0.630318,0.595190,0.742101,0.724528,0.651356,0.720577,0.684996,0.643103,0.683754,0.684339
0.644003,0.570505,0.653319,0.557510,0.701833,0.630137,0.547201,0.592916,0.674408,0.628461,0.713025
0.673207,0.739123,0.685410,0.576232,0.646215,0.618375,0.623574,0.754236,0.606591,0.593606,0.680844
0.627473,0.566328,0.663755,0.579488,0.755139,0.630304,0.672006,0.587499,0.604627,0.663080,0.575294
0.571857,0.605631,0.664076,0.625532,0.671143,0.670868,0.760035,0.752780,0.664764,0.697448,0.654641
0.645550,0.629016,0.780589,0.737982,0.537739,0.611323,0.712124,0.572778,0.501748,0.630673,0.681084
0.702249,0.642557,0.615524,0.546846,0.667211,0.581602,0.710552,0.729498,0.578552,0.564653,0.568813
0.614439,0.713547,0.606817,0.539584,0.695184,0.629363,0.650946,0.804283,0.623370,0.532995,0.692572
0.635185,0.591072,0.650807,0.591330,0.672492,0.695946,0.617336,0.796426,0.627629,0.682359,0.606256
0.657784,0.704507,0.598320,0.600037,0.568180,0.677901,0.554809,0.568672,0.587231,0.660774,0.722488
0.574298,0.622879,0.476783,0.643627,0.582730,0.569229,0.591971,0.615633,0.606412,0.658537,0.693205
0.600886,0.616960,0.580558,0.610137,0.517396,0.698252,0.633966,0.596594,0.597753,0.671196,0.635158
0.641331,0.639674,0.596148,0.672539,0.750231,0.508659,0.696717,0.740603,0.698103,0.672334,0.588323
0.568562,0.696012,0.595774,0.661049,0.502765,0.678412,0.605711,0.718109,0.596171,0.713142,0.630926
0.644519,0.559713,0.595355,0.561067,0.654617,0.633618,0.703721,0.665285,0.580586,0.634720,0.546222
0.564459,0.504236,0.621241,0.612869,0.657795,0.630029,0.574599,0.583883,0.692894,0.580008,0.684971
0.678857,0.680298,0.705560,0.567834,0.621980,0.560846,0.633369,0.500835,0.687539,0.659090,0.713565
0.708129,0.710101,0.627879,0.601278,0.628127,0.596877,0.646480,0.640746,0.653526,0.652614,0.585668
0.721210,0.643458,0.581757,0.647918,0.716575,0.661128,0.655720,0.547126,0.699149,0.649891,0.697439
0.643635,0.599814,0.685488,0.696371,0.823646,0.602360,0.831646,0.596689,0.647548,0.604979,0.678263
0.583310,0.649644,0.577380,0.665886,0.676583,0.636419,0.647031,0.625006,0.676658,0.613248,0.632164
0.641174,0.675333,0.824062,0.589889,0.708621,0.676953,0.610126,0.702949,0.686303,0.609003,0.716789
0.638282,0.584234,0.701868,0.673801,0.678769,0.716749,0.716005,0.652587,0.652029,0.606347,0.664863
0.682802,0.655440,0.608779,0.685202,0.679992,0.587511,0.633709,0.564146,0.650496,0.611299,0.579950
0.699418,0.562463,0.704457,0.624466,0.587793,0.683240,0.622496,0.650991,0.628509,0.629424,0.628665
0.595335,0.630057,0.586006,0.694013,0.641214,0.642199,0.613485,0.675154,0.701932,0.639046,0.591354
0.549327,0.529054,0.691901,0.625782,0.578869,0.597214,0.626854,0.633230,0.613928,0.483620,0.584490
0.608998,0.762094,0.636573,0.670090,0.612625,0.726547,0.757340,0.660932,0.764257,0.621589,0.628148
0.612289,0.628255,0.543032,0.599802,0.559114,0.651569,0.714038,0.737092,0.707180,0.719259,0.627364
0.571113,0.643353,0.634402,0.535089,0.629644,0.631806,0.673137,0.623387,0.684966,0.613408,0.728162
0.686871,0.723256,0.631815,0.669700,0.602286,0.580578,0.658646,0.658404,0.626516,0.679507,0.603521
0.704859,0.602037,0.654861,0.728940,0.578884,0.638083,0.666592,0.695552,0.591264,0.726908,0.523648
0.653011,0.591672,0.697728,0.686300,0.668019,0.570610,0.694509,0.515462,0.580493,0.533655,0.474526
0.596483,0.668874,0.584397,0.637935,0.618604,0.572018,0.557636,0.602494,0.497397,0.778614,0.694836
0.580840,0.695398,0.664315,0.595002,0.710701,0.617072,0.561869,0.638696,0.655540,0.686836,0.631567
0.774813,0.683906,0.745507,0.619900,0.650271,0.732279,0.602967,0.581281,0.640630,0.659175,0.651473
0.682340,0.630283,0.619260,0.636663,0.721972,0.699440,0.681809,0.642423,0.537671,0.659799,0.584491
0.776750,0.582837,0.624700,0.675340,0.611159,0.656492,0.649988,0.665735,0.679729,0.757441,0.690004
0.700083,0.634330,0.685153,0.591081,0.696979,0.683698,0.637826,0.574831,0.609489,0.644496,0.638366
0.584359,0.599185,0.685886,0.677511,0.697999,0.463608,0.641381,0.603102,0.461189,0.595796,0.669256
0.545296,0.622912,0.512338,0.638981,0.762947,0.634957,0.608899,0.706796,0.597063,0.715797,0.644006
0.671150,0.694155,0.709534,0.633764,0.607643,0.573228,0.700947,0.550000,0.695872,0.590286,0.638578
0.609987,0.713498,0.652207,0.675410,0.649707,0.690605,0.650412,0.645980,0.749692,0.638459,0.733246
0.560101,0.584507,0.711897,0.553828,0.647135,0.704421,0.653754,0.555852,0.635520,0.632226,0.617905
0.633474,0.634526,0.625981,0.634511,0.632040,0.671560,0.562116,0.608385,0.576643,0.532355,0.634543
0.630918,0.594628,0.653310,0.573231,0.615789,0.628430,0.564082,0.706030,0.672882,0.542838,0.687856
0.638307,0.678110,0.658578,0.559432,0.703165,0.578434,0.625838,0.674635,0.632735,0.585072,0.595586
0.654196,0.676409,0.587849,0.640631,0.592784,0.654491,0.670725,0.547734,0.530896,0.508390,0.642700
0.613378,0.677653,0.617672,0.617507,0.660858,0.737509,0.654118,0.732143,0.617901,0.687020,0.691875
0.590513,0.612873,0.611307,0.609928,0.684850,0.652210,0.678019,0.678704,0.618813,0.618522,0.586525
0.703914,0.631846,0.630865,0.621181,0.655119,0.534307,0.747328,0.660627,0.670286,0.750598,0.712057
0.571863,0.629293,0.651911,0.607732,0.490860,0.630819,0.641708,0.706563,0.667129,0.667293,0.635722
0.686681,0.702615,0.655698,0.750026,0.601478,0.632228,0.680458,0.641557,0.605259,0.611445,0.636095
0.482960,0.682305,0.717589,0.609046,0.755419,0.732056,0.677435,0.636342,0.698768,0.647819,0.686982
0.668792,0.642039,0.680157,0.708264,0.684703,0.717377,0.706132,0.624509,0.676041,0.570352,0.543601
0.619600,0.615327,0.644673,0.619532,0.721869,0.592217,0.561367,0.590455,0.648627,0.506130,0.570181
0.777663,0.665082,0.592676,0.545446,0.559403,0.707203,0.640700,0.670938,0.659658,0.599744,0.604618
0.622786,0.556168,0.566088,0.681020,0.651444,0.513304,0.699157,0.683889,0.700314,0.663239,0.541213
0.605381,0.640964,0.676774,0.614138,0.623232,0.621092,0.559852,0.675029,0.665027,0.644340,0.587814
0.602798,0.689255,0.637425,0.556222,0.614926,0.657535,0.671091,0.717094,0.587460,0.570614,0.663122
0.551042,0.580360,0.625395,0.630646,0.563554,0.593726,0.607697,0.683912,0.665304,0.698877,0.604236
0.640364,0.562039,0.606036,0.571777,0.630282,0.600835,0.614274,0.708784,0.627534,0.697128,0.733191
0.694526,0.630976,0.589558,0.713570,0.682021,0.706964,0.559184,0.565390,0.674858,0.651879,0.494595
0.582681,0.651305,0.614211,0.705375,0.521335,0.595701,0.584190,0.656696,0.597827,0.670202,0.644510
0.587289,0.645347,0.571517,0.693118,0.540675,0.599157,0.445664,0.562386,0.633187,0.607763,0.605621
0.795089,0.499440,0.635777,0.667034,0.623674,0.590835,0.731915,0.779023,0.700420,0.719426,0.598846
0.656659,0.551193,0.634706,0.667504,0.679027,0.685810,0.547106,0.629564,0.746515,0.674771,0.630182
0.687813,0.667438,0.590242,0.646086,0.629019,0.681710,0.674859,0.593413,0.773823,0.578992,0.698156
0.623421,0.632181,0.696998,0.672424,0.579919,0.702051,0.661950,0.526401,0.516351,0.615260,0.706652
0.659793,0.686463,0.658160,0.635863,0.637878,0.711447,0.673250,0.538470,0.635174,0.662998,0.673087
0.602318,0.704098,0.625783,0.609816,0.653744,0.646282,0.690365,0.695382,0.629908,0.620948,0.600349
0.550231,0.664267,0.674480,0.537956,0.626699,0.588894,0.584233,0.713134,0.658641,0.594404,0.576595
0.650172,0.676582,0.630466,0.638705,0.544488,0.667657,0.663998,0.683645,0.538942,0.654395,0.635617
0.615406,0.558510,0.611806,0.728056,0.657960,0.707969,0.790446,0.655473,0.629360,0.717008,0.644483
0.627747,0.714530,0.703756,0.534487,0.583339,0.630387,0.617364,0.703879,0.748860,0.574592,0.634456
0.640869,0.685851,0.550295,0.593650,0.514148,0.720667,0.641729,0.615767,0.704764,0.604903,0.636161
0.670864,0.678625,0.545755,0.645153,0.649247,0.658333,0.576670,0.654406,0.620459,0.670485,0.661553
0.593149,0.612552,0.714667,0.622214,0.699783,0.610357,0.659739,0.590171,0.528581,0.587838,0.609155
0.647010,0.657041,0.637337,0.600755,0.688201,0.671495,0.676344,0.665192,0.532472,0.674293,0.626517
0.587491,0.787006,0.634604,0.532925,0.562076,0.568911,0.650814,0.594937,0.613105,0.676745,0.674493
0.697681,0.614824,0.678014,0.656793,0.627605,0.633259,0.675238,0.692656,0.702779,0.576369,0.651964
0.704074,0.733937,0.614081,0.705543,0.794403,0.741832,0.611875,0.707548,0.596100,0.630683,0.660746
0.657816,0.617447,0.679143,0.625619,0.686910,0.602626,0.619583,0.615261,0.595390,0.665200,0.683223
0.711970,0.605817,0.622865,0.742869,0.702473,0.646541,0.636887,0.737098,0.700180,0.710410,0.552734
0.649967,0.691949,0.506346,0.590970,0.636186,0.603910,0.681484,0.742760,0.684047,0.639076,0.675481
0.644037,0.632876,0.530195,0.636461,0.586278,0.493611,0.671085,0.754489,0.600974,0.677397,0.637987
0.666653,0.701327,0.593284,0.607652,0.635179,0.723077,0.669316,0.599771,0.649107,0.570129,0.717490
0.612215,0.577519,0.614581,0.705754,0.634755,0.613231,0.577038,0.542339,0.727362,0.586496,0.607376
0.602547,0.728013,0.609254,0.544796,0.602106,0.656693,0.645754,0.637825,0.554166,0.664877,0.604753
0.757601,0.638767,0.737235,0.464951,0.647840,0.630020,0.665733,0.696949,0.578204,0.783126,0.705330
0.620258,0.664950,0.710426,0.503831,0.584203,0.648795,0.751790,0.556379,0.613416,0.717431,0.675910
0.691219,0.675755,0.672874,0.704346,0.609791,0.539231,0.647200,0.679031,0.650624,0.692731,0.624188
0.710135,0.548774,0.600162,0.629199,0.644872,0.654611,0.587284,0.669673,0.581440,0.677502,0.721980
0.527048,0.656672,0.757257,0.664976,0.600131,0.512011,0.631604,0.725085,0.563526,0.678008,0.728284
0.616898,0.694763,0.570205,0.654582,0.695467,0.645317,0.644642,0.622163,0.601934,0.756694,0.714501
0.679817,0.577790,0.680600,0.673863,0.659106,0.574633,0.725717,0.687170,0.737159,0.720112,0.666052
0.595326,0.633788,0.588175,0.517931,0.648670,0.550681,0.569210,0.628167,0.556139,0.651008,0.677907
0.602373,0.494047,0.698266,0.641907,0.661997,0.646254,0.597838,0.716321,0.674212,0.670541,0.635502
0.619509,0.697361,0.551440,0.579334,0.585131,0.624406,0.706318,0.686023,0.655309,0.666918,0.717320
0.593272,0.631197,0.685160,0.574668,0.671481,0.628816,0.644391,0.714251,0.649636,0.579970,0.652332
0.674792,0.719412,0.613909,0.585807,0.721254,0.600024,0.720988,0.632926,0.598220,0.684504,0.680518
0.682003,0.611408,0.577099,0.601010,0.671570,0.466470,0.549676,0.649380,0.719807,0.668370,0.633198
0.555049,0.631205,0.622703,0.700102,0.672003,0.686513,0.588509,0.540868,0.661925,0.665026,0.757843
0.637365,0.652416,0.601375,0.643144,0.700095,0.653833,0.570303,0.583166,0.546432,0.656190,0.702972
0.634171,0.612514,0.773063,0.719213,0.662953,0.578651,0.669269,0.585924,0.695729,0.622368,0.632300
0.664413,0.631073,0.673154,0.563147,0.578793,0.600373,0.708110,0.699023,0.660335,0.680064,0.662297
0.665639,0.742613,0.507039,0.682044,0.545382,0.659925,0.636228,0.542300,0.679816,0.707864,0.656291
0.646292,0.622327,0.581529,0.723235,0.683633,0.714903,0.704345,0.658145,0.577381,0.545188,0.652346
0.697292,0.568700,0.741225,0.589723,0.619493,0.606844,0.644567,0.586864,0.688106,0.654737,0.820526
0.567074,0.608559,0.615882,0.591398,0.680435,0.535875,0.522996,0.505693,0.660486,0.448929,0.652106
0.636698,0.698097,0.607731,0.672903,0.591299,0.610118,0.632823,0.726295,0.628596,0.671204,0.627427
0.645690,0.629758,0.624397,0.654672,0.699455,0.631723,0.658841,0.683525,0.684061,0.597266,0.586931
0.654271,0.709772,0.646050,0.585522,0.647746,0.703708,0.607524,0.634901,0.686471,0.603056,0.631050
0.695301,0.688268,0.708946,0.658476,0.699151,0.642903,0.723416,0.525813,0.647677,0.561961,0.594776
0.703262,0.639129,0.722074,0.621831,0.542707,0.531897,0.573294,0.697444,0.551298,0.637946,0.597212
0.593552,0.593553,0.715019,0.577556,0.710692,0.628562,0.673532,0.608845,0.700816,0.602179,0.694282
0.668238,0.637543,0.654751,0.697459,0.747201,0.632786,0.603100,0.604394,0.604998,0.693444,0.669865
0.614299,0.661040,0.537850,0.635101,0.635588,0.625746,0.723922,0.629419,0.608692,0.621781,0.624769
0.676141,0.642424,0.785088,0.710529,0.628487,0.742244,0.619313,0.550508,0.688691,0.674447,0.634803
0.603988,0.735492,0.698489,0.582647,0.705199,0.687601,0.622680,0.626051,0.690350,0.643746,0.679988
0.695927,0.800953,0.622577,0.634000,0.731689,0.609167,0.615521,0.732754,0.690457,0.684794,0.644334
0.513774,0.701765,0.703513,0.578991,0.661855,0.679938,0.583000,0.617691,0.686331,0.680296,0.627356
0.635137,0.638253,0.724266,0.713529,0.644717,0.615422,0.665043,0.622793,0.705300,0.562699,0.612668
0.642872,0.622883,0.717560,0.657015,0.597002,0.614775,0.614478,0.691437,0.661179,0.542176,0.671024
0.622026,0.679753,0.593052,0.666592,0.627429,0.595561,0.569209,0.733578,0.651148,0.665783,0.495870
0.750822,0.638788,0.524702,0.630321,0.614512,0.697087,0.624595,0.715487,0.554278,0.501887,0.672891
0.741685,0.742462,0.663828,0.630106,0.683968,0.511876,0.650968,0.700380,0.661976,0.624133,0.663567
0.665202,0.570289,0.554985,0.582634,0.652002,0.651364,0.600682,0.591785,0.674474,0.600933,0.594575
0.640185,0.581041,0.641658,0.608628,0.662844,0.776294,0.648754,0.675683,0.674574,0.746990,0.618522
0.622470,0.750682,0.639327,0.573502,0.773819,0.622203,0.729793,0.728864,0.631113,0.681804,0.699257
0.622469,0.575558,0.634701,0.612841,0.730579,0.503159,0.599115,0.614806,0.598013,0.632371,0.662694
0.690091,0.644119,0.610155,0.571178,0.631738,0.570373,0.688202,0.532926,0.653805,0.625115,0.622555
0.642700,0.677268,0.696385,0.628718,0.544905,0.733290,0.648065,0.664816,0.702644,0.596955,0.746947
0.678424,0.664491,0.593106,0.653084,0.658474,0.496229,0.640924,0.650926,0.583535,0.625449,0.687932
0.699922,0.687503,0.691577,0.678340,0.637914,0.533246,0.596157,0.657767,0.693093,0.536781,0.750156
0.726282,0.650604,0.618833,0.682544,0.606677,0.565090,0.673167,0.567824,0.609748,0.552834,0.670998
0.578061,0.560396,0.598041,0.655616,0.619541,0.616977,0.569674,0.610962,0.644368,0.530341,0.589730
0.636780,0.662693,0.544223,0.633951,0.657341,0.561021,0.650547,0.709111,0.607155,0.656668,0.635275
0.622518,0.535993,0.667459,0.578542,0.729295,0.751505,0.685677,0.577990,0.645775,0.579297,0.595158
